<?xml version="1.0" encoding="UTF-8" standalone="yes"?>
<ns0:Application xmlns="http://docs.oasis-open.org/tosca/ns/2011/12" xmlns:winery="http://www.opentosca.org/winery/extensions/tosca/2013/02/12" xmlns:ns0="http://www.eclipse.org/winery/model/selfservice" xmlns:testwineryopentoscaorg="http://test.winery.opentosca.org">
    <ns0:displayName>MyTinyToDo Docker Service</ns0:displayName>
    <ns0:version>1.0</ns0:version>
    <ns0:authors>IAAS, University of Stuttgart</ns0:authors>
    <ns0:description>Installs the PHP Application MyTinyToDo as a Docker Container on a locally installed DockerEngine.&lt;br&gt;</ns0:description>
    <ns0:iconUrl>icon.jpg</ns0:iconUrl>
    <ns0:imageUrl>image.jpg</ns0:imageUrl>
</ns0:Application>
