{
  "http://www.example.org/tosca/capabilitytypes/propertiesdefinition/winery" : {
    "namespace" : "http://www.example.org/tosca/capabilitytypes/propertiesdefinition/winery",
    "prefix" : "ctypdIcapabilitytypes",
    "readableName" : "",
    "upstreamRepository" : "",
    "patternCollection" : false
  },
  "http://www.example.org" : {
    "namespace" : "http://www.example.org",
    "prefix" : "ex",
    "readableName" : "Namespace for creating examples",
    "upstreamRepository" : "",
    "patternCollection" : false
  },
  "http://opentosca.org/nodetypeimplementations" : {
    "namespace" : "http://opentosca.org/nodetypeimplementations",
    "prefix" : "ns1",
    "readableName" : "",
    "upstreamRepository" : "",
    "patternCollection" : false
  },
  "http://docs.oasis-open.org/tosca/ns/2011/12" : {
    "namespace" : "http://docs.oasis-open.org/tosca/ns/2011/12",
    "prefix" : "tosca",
    "readableName" : "Predefined TOSCA elements",
    "upstreamRepository" : "",
    "patternCollection" : false
  },
  "http://www.example.org/tosca/nodetypes/propertiesdefinition/winery" : {
    "namespace" : "http://www.example.org/tosca/nodetypes/propertiesdefinition/winery",
    "prefix" : "ntypdInodetypes",
    "readableName" : "",
    "upstreamRepository" : "",
    "patternCollection" : false
  },
  "http://opentosca.org/artifacttemplates" : {
    "namespace" : "http://opentosca.org/artifacttemplates",
    "prefix" : "ns10",
    "readableName" : "",
    "upstreamRepository" : "",
    "patternCollection" : false
  },
  "http://www.w3.org/2001/XMLSchema" : {
    "namespace" : "http://www.w3.org/2001/XMLSchema",
    "prefix" : "xsd",
    "readableName" : "W3C XML schema namespace",
    "upstreamRepository" : "",
    "patternCollection" : false
  },
  "http://opentosca.org/artefacttypes" : {
    "namespace" : "http://opentosca.org/artefacttypes",
    "prefix" : "ns9",
    "readableName" : "",
    "upstreamRepository" : "",
    "patternCollection" : false
  },
  "http://www.example.com/ToscaTypes" : {
    "namespace" : "http://www.example.com/ToscaTypes",
    "prefix" : "ns11",
    "readableName" : "",
    "upstreamRepository" : "",
    "patternCollection" : false
  },
  "http://opentosca.org/nodetypes" : {
    "namespace" : "http://opentosca.org/nodetypes",
    "prefix" : "ns2",
    "readableName" : "",
    "upstreamRepository" : "",
    "patternCollection" : false
  },
  "http://www.example.org/tosca/requirementtypes" : {
    "namespace" : "http://www.example.org/tosca/requirementtypes",
    "prefix" : "rtyIgeneral",
    "readableName" : "",
    "upstreamRepository" : "",
    "patternCollection" : false
  },
  "http://opentosca.org/properties" : {
    "namespace" : "http://opentosca.org/properties",
    "prefix" : "ns4",
    "readableName" : "",
    "upstreamRepository" : "",
    "patternCollection" : false
  },
  "http://www.uni-stuttgart.de/opentosca" : {
    "namespace" : "http://www.uni-stuttgart.de/opentosca",
    "prefix" : "ns12",
    "readableName" : "",
    "upstreamRepository" : "",
    "patternCollection" : false
  },
  "http://www.opentosca.org/winery/extensions/tosca/2013/02/12" : {
    "namespace" : "http://www.opentosca.org/winery/extensions/tosca/2013/02/12",
    "prefix" : "winery",
    "readableName" : "TOSCA extension by Eclipse Winery",
    "upstreamRepository" : "",
    "patternCollection" : false
  },
  "http://www.example.org/tosca/nodetypes" : {
    "namespace" : "http://www.example.org/tosca/nodetypes",
    "prefix" : "ntyIgeneral",
    "readableName" : "",
    "upstreamRepository" : "",
    "patternCollection" : false
  },
  "http://opentosca.org/servicetemplates" : {
    "namespace" : "http://opentosca.org/servicetemplates",
    "prefix" : "ns7",
    "readableName" : "",
    "upstreamRepository" : "",
    "patternCollection" : false
  },
  "http://docs.oasis-open.org/tosca/ns/2011/12/ToscaBaseTypes" : {
    "namespace" : "http://docs.oasis-open.org/tosca/ns/2011/12/ToscaBaseTypes",
    "prefix" : "ns8",
    "readableName" : "",
    "upstreamRepository" : "",
    "patternCollection" : false
  },
  "http://www.example.org/tosca/servicetemplates" : {
    "namespace" : "http://www.example.org/tosca/servicetemplates",
    "prefix" : "steIgeneral",
    "readableName" : "",
    "upstreamRepository" : "",
    "patternCollection" : false
  },
  "http://docs.oasis-open.org/tosca/ns/2011/12/ToscaSpecificTypes" : {
    "namespace" : "http://docs.oasis-open.org/tosca/ns/2011/12/ToscaSpecificTypes",
    "prefix" : "ns5",
    "readableName" : "",
    "upstreamRepository" : "",
    "patternCollection" : false
  },
  "http://www.w3.org/XML/1998/namespace" : {
    "namespace" : "http://www.w3.org/XML/1998/namespace",
    "prefix" : "xmlns",
    "readableName" : "W3C XML namespace",
    "upstreamRepository" : "",
    "patternCollection" : false
  },
  "http://www.eclipse.org/winery/model/selfservice" : {
    "namespace" : "http://www.eclipse.org/winery/model/selfservice",
    "prefix" : "ns0",
    "readableName" : "",
    "upstreamRepository" : "",
    "patternCollection" : false
  },
  "http://www.example.org/tosca/capabilitytypes" : {
    "namespace" : "http://www.example.org/tosca/capabilitytypes",
    "prefix" : "ctyIgeneral",
    "readableName" : "",
    "upstreamRepository" : "",
    "patternCollection" : false
  },
  "http://opentosca.org/nodetypes/propertiesdefinition/winery" : {
    "namespace" : "http://opentosca.org/nodetypes/propertiesdefinition/winery",
    "prefix" : "ns3",
    "readableName" : "",
    "upstreamRepository" : "",
    "patternCollection" : false
  },
  "http://opentosca.org/nodetypes/properties" : {
    "namespace" : "http://opentosca.org/nodetypes/properties",
    "prefix" : "ns6",
    "readableName" : "",
    "upstreamRepository" : "",
    "patternCollection" : false
  }
}